Workbook

Sheet COVER
I3: Nomor Pokok Madrasah
A9: DAFTAR KELAS
A11: TAHUN AJARAN 2022/2023
B30: NAMA MADRASAH | K30: : | L30: MI …
B31: STATUS MADRASAH | K31: : | L31: Negeri /Swasta
B32: ALAMAT | K32: : | L32: …………………
B33: DESA/KELURAHAN | K33: : | L33: …………………
B34: KECAMATAN | K34: : | L34: …………………
B35: KABUPATEN/KOTA | K35: : | L35: …………………
B36: PROVINSI | K36: : | L36: …………………
C44: Mengetahui | O44: …………….. ...............
C45: Kepala MI………………. | O45: Wali Kelas ………..
C50: NAMA KEPSEK | O50: Nama guru
C51: NIP - | O51: NIP ………….
F56: Oleh : I Made Rai Alit Sentanu

Sheet DATA SISWA
A1: DATA SISWA KELAS I
A3: NO | B3: NIS | C3: NISN | D3: NAMA SISWA | E3: JK | F3: PANGGILAN | G3: TTL | H3: AGAMA | I3: ALAMAT | J3: AYAH | K3: PEKERJAAN AYAH | L3: IBU | M3: PEKERJAAN IBU | N3: ALAMAT | O3: KEC. | P3: KOTA
A4: 1
A5: 2
A6: 3
A7: 4
A8: 5
A9: 6
A10: 7
A11: 8
A12: 9
A13: 10
A14: 11
A15: 12
... A41: 38
A42: 39 | R42: =LEFT(H42) | S42: =LEFT(E42)
A43: 40 | R43: =LEFT(H43) | S43: =LEFT(E43)
B45: Mengetahui | N45: Denpasar, 15 Juli 2019
B46: Kepala SDN …………………. | N46: Wali Kelas VI
B50: ……………………. | N50: I Made Rai Alit Sentanu, S.Pd.
B51: NIP ……………………. | N51: NIP. 19860816 200903 1 003

Sheet DATA SISWA PER BULAN
A1: DATA SISWA PER BULAN
A3: NAMA BULAN | B3: JUMLAH SISWA PADA AWAL BULAN | E3: SISWA YANG KELUAR | H3: SISWA YANG MASUK | K3: JUMLAH SISWA PADA AKHIR BULAN | N3: BANYAK MURID YANG BERUMUR
N4: JK | O4: TAHUN | Z4: JUMLAH
B5: L | C5: P | D5: J | E5: L | F5: P | G5: J | H5: L | I5: P | J5: J | K5: L | L5: P | M5: J | O5: 6 | P5: 7 | Q5: 8 | R5: 9 | S5: 10 | T5: 11 | U5: 12 | V5: 13 | W5: 14 | X5: 15 | Y5: 16
A6: JULI | N6: L
N7: P
N8: J
A9: AGUSTUS | N9: L
N10: P
N11: J
A12: SEPTEMBER | N12: L
N13: P
N14: J
A15: OKTOBER | N15: L
N16: P
N17: J
A18: NOVEMBER | N18: L
N19: P
N20: J
A21: DESEMBER | N21: L
N22: P
N23: J
A24: JANUARI | N24: L
N25: P
N26: J
A27: FEBRUARI | N27: L
N28: P
N29: J
A30: MARET | N30: L
N31: P
N32: J
A33: APRIL | N33: L
N34: P
N35: J
A36: MEI | N36: L
N37: P
N38: J
A39: JUNI | N39: L
N40: P
N41: J

Sheet PRESTASI SISWA
A1: PRESTASI PENDIDIKAN
A2: TAHUN PELAJARAN ............../.............
A4: NO | B4: NAMA SISWA | C4: Al-Qur'an Hadist | E4: PPKn | G4: Bahasa Indonesia | I4: Matematika | K4: IPAS | M4: Seni (Pilihan) | U4: PJOK | W4: Bahasa Inggris | Y4: Mutan Lokal | AG4: NAIK/ TIDAK NAIK | AH4: KETERANGAN PINDAHAN/KELUAR MENINGGAL
M5: Seni Musik | O5: Seni Tari | Q5: Seni Rupa | S5: Seni Teater | Y5: MULOK 1 | AA5: MULOK 2 | AC5: MULOK 3 | AE5: MULOK 4
C6: SEMESTER
C7: I | D7: II | E7: I | F7: II | G7: I | H7: II | I7: I | J7: II | K7: I | L7: II | M7: I | N7: II | O7: I | P7: II | Q7: I | R7: II | S7: I | T7: II | U7: I | V7: II | W7: I | X7: II | Y7: I | Z7: II | AA7: I | AB7: II | AC7: I | AD7: II | AE7: I | AF7: II
A8: 1 | B8: =IF('DATA SISWA'!D4=0,"",'DATA SISWA'!D4)
A9: 2 | B9: =IF('DATA SISWA'!D5=0,"",'DATA SISWA'!D5)
A10: 3 | B10: =IF('DATA SISWA'!D6=0,"",'DATA SISWA'!D6)
A11: 4 | B11: =IF('DATA SISWA'!D7=0,"",'DATA SISWA'!D7)
A12: 5 | B12: =IF('DATA SISWA'!D8=0,"",'DATA SISWA'!D8)
A13: 6 | B13: =IF('DATA SISWA'!D9=0,"",'DATA SISWA'!D9)
A14: 7 | B14: =IF('DATA SISWA'!D10=0,"",'DATA SISWA'!D10)
A15: 8 | B15: =IF('DATA SISWA'!D11=0,"",'DATA SISWA'!D11)
A16: 9 | B16: =IF('DATA SISWA'!D12=0,"",'DATA SISWA'!D12)
A17: 10 | B17: =IF('DATA SISWA'!D13=0,"",'DATA SISWA'!D13)
A18: 11 | B18: =IF('DATA SISWA'!D14=0,"",'DATA SISWA'!D14)
A19: 12 | B19: =IF('DATA SISWA'!D15=0,"",'DATA SISWA'!D15)
... A47: 40 | B47: =IF('DATA SISWA'!D43=0,"",'DATA SISWA'!D43)

Sheet ABSENSI
A1: ABSENSI | AT1: 7
A3: No | B3: NAMA SISWA | C3: =UPPER(VLOOKUP($AT$1,AS3:AT14,2,0)) -> JULI | AH3: JUMLAH | AK3: JUMLAH | AS3: 1 | AT3: Januari | BA3: Kelahiran | BC3: Agama | BD3: Alamat Siswa | BE3: Jumlah Saudara | BF3: Orang Tua | BH3: Agama | BI3: Pendidikan Terakhir | BJ3: Pekerjaan | BK3: Alamat | BL3: Kesehatan
C4: 1 | D4: 2 | E4: 3 | F4: 4 | G4: 5 | H4: 6 | I4: 7 | J4: 8 | K4: 9 | L4: 10 | M4: 11 | N4: 12 | O4: 13 | P4: 14 | Q4: 15 | R4: 16 | S4: 17 | T4: 18 | U4: 19 | V4: 20 | W4: 21 | X4: 22 | Y4: 23 | Z4: 24 | AA4: 25 | AB4: 26 | AC4: 27 | AD4: 28 | AE4: 29 | AF4: 30 | AG4: 31 | AH4: S | AI4: I | AJ4: T | AS4: 2 | AT4: Pebruari | BA4: Tempat | BB4: Tanggal | BF4: Nama Ayah | BG4: Nama Ibu | BL4: Berat | BM4: Tinggi
A5: 1 | B5: =IF('DATA SISWA'!D4=0,"",'DATA SISWA'!D4) | AS5: 3 | AT5: Maret
A6: 2 | B6: =IF('DATA SISWA'!D5=0,"",'DATA SISWA'!D5) | AS6: 4 | AT6: April
A7: 3 | B7: =IF('DATA SISWA'!D6=0,"",'DATA SISWA'!D6) | AS7: 5 | AT7: Mei
A8: 4 | B8: =IF('DATA SISWA'!D7=0,"",'DATA SISWA'!D7) | AS8: 6 | AT8: Juni
A9: 5 | B9: =IF('DATA SISWA'!D8=0,"",'DATA SISWA'!D8) | AS9: 7 | AT9: Juli
A10: 6 | B10: =IF('DATA SISWA'!D9=0,"",'DATA SISWA'!D9) | AS10: 8 | AT10: Agustus
A11: 7 | B11: =IF('DATA SISWA'!D10=0,"",'DATA SISWA'!D10) | AS11: 9 | AT11: September
A12: 8 | B12: =IF('DATA SISWA'!D11=0,"",'DATA SISWA'!D11) | AS12: 10 | AT12: Oktober
A13: 9 | B13: =IF('DATA SISWA'!D12=0,"",'DATA SISWA'!D12) | AS13: 11 | AT13: November
A14: 10 | B14: =IF('DATA SISWA'!D13=0,"",'DATA SISWA'!D13) | AS14: 12 | AT14: Desember
A15: 11 | B15: =IF('DATA SISWA'!D14=0,"",'DATA SISWA'!D14)
A16: 12 | B16: =IF('DATA SISWA'!D15=0,"",'DATA SISWA'!D15)
A17: 13 | B17: =IF('DATA SISWA'!D16=0,"",'DATA SISWA'!D16)
A18: 14 | B18: =IF('DATA SISWA'!D17=0,"",'DATA SISWA'!D17)
A19: 15 | B19: =IF('DATA SISWA'!D18=0,"",'DATA SISWA'!D18)
A20: 16 | B20: =IF('DATA SISWA'!D19=0,"",'DATA SISWA'!D19)
A21: 17 | B21: =IF('DATA SISWA'!D20=0,"",'DATA SISWA'!D20)
A22: 18 | B22: =IF('DATA SISWA'!D21=0,"",'DATA SISWA'!D21)
A23: 19 | B23: =IF('DATA SISWA'!D22=0,"",'DATA SISWA'!D22)
A24: 20 | B24: =IF('DATA SISWA'!D23=0,"",'DATA SISWA'!D23)
A25: 21 | B25: =IF('DATA SISWA'!D24=0,"",'DATA SISWA'!D24)
A26: 22 | B26: =IF('DATA SISWA'!D25=0,"",'DATA SISWA'!D25)
... A44: 40 | B44: =IF('DATA SISWA'!D43=0,"",'DATA SISWA'!D43)
A45: JUMLAH
B47: =COVER!C44 -> Mengetahui | AA47: ………………………………
B48: =COVER!C45 -> Kepala MI………………. | AA48: =COVER!O45 -> Wali Kelas ………..
B52: =COVER!C50 -> NAMA KEPSEK | AA52: =COVER!O50 -> Nama guru
B53: =COVER!C51 -> NIP - | AA53: =COVER!O51 -> NIP ………….

Sheet Sheet1
